{"UUID":"8b9GKnw8xGopWmUntEn4Js","layoutMainAxisSizing":null,"layoutCrossAxisSizing":null,"name":"Parabeac Theming - Material 2 (Free)","isVisible":true,"boundaryRectangle":null,"style":null,"prototypeNodeUUID":null,"child":null,"constraints":null,"debug":false,"pngPath":"/usr/src/app/temp-out/pb-tmp-fce075f7-12aa-4210-90ca-a93a4f76635e/troli_app/lib/assets/images","designSystem":{"UUID":"","layoutMainAxisSizing":null,"layoutCrossAxisSizing":null,"name":"material3","isVisible":false,"boundaryRectangle":null,"pbdlType":null,"style":null,"prototypeNodeUUID":"","child":null,"constraints":null,"textStyles":["bodyLarge","bodyMedium","bodySmall","displayLarge","displayMedium","displaySmall","headlineLarge","headlineMedium","headlineSmall","labelLarge","labelMedium","labelSmall","titleLarge","titleMedium","titleSmall"],"colorSchemes":[{"UUID":"","layoutMainAxisSizing":null,"layoutCrossAxisSizing":null,"name":"light","isVisible":false,"boundaryRectangle":null,"pbdlType":null,"style":null,"prototypeNodeUUID":"","child":null,"constraints":null,"supportedAttributes":["primary","onPrimary","primaryContainer","onPrimaryContainer","secondary","onSecondary","secondaryContainer","onSecondaryContainer","tertiary","onTertiary","tertiaryContainer","onTertiaryContainer","error","onError","errorContainer","onErrorContainer","background","onBackground","surface","onSurface","surfaceVariant","onSurfaceVariant","outline","shadow","inverseSurface","onInverseSurface","inversePrimary","surfaceTint"]},{"UUID":"","layoutMainAxisSizing":null,"layoutCrossAxisSizing":null,"name":"dark","isVisible":false,"boundaryRectangle":null,"pbdlType":null,"style":null,"prototypeNodeUUID":"","child":null,"constraints":null,"supportedAttributes":["primary","onPrimary","primaryContainer","onPrimaryContainer","secondary","onSecondary","secondaryContainer","onSecondaryContainer","tertiary","onTertiary","tertiaryContainer","onTertiaryContainer","error","onError","errorContainer","onErrorContainer","background","onBackground","surface","onSurface","surfaceVariant","onSurfaceVariant","outline","shadow","inverseSurface","onInverseSurface","inversePrimary","surfaceTint"]}]},"pages":[{"UUID":"0:1","layoutMainAxisSizing":null,"layoutCrossAxisSizing":null,"name":"Cover","isVisible":true,"boundaryRectangle":null,"style":null,"prototypeNodeUUID":null,"child":null,"constraints":null,"convert":true,"screens":[],"pbdlType":"page"},{"UUID":"4:2","layoutMainAxisSizing":null,"layoutCrossAxisSizing":null,"name":"Material 2 -- Color Schemes Free","isVisible":true,"boundaryRectangle":null,"style":null,"prototypeNodeUUID":null,"child":null,"constraints":null,"convert":true,"screens":[],"pbdlType":"page"}],"miscPages":[],"sharedStyles":[],"globalStyles":{"UUID":"","layoutMainAxisSizing":null,"layoutCrossAxisSizing":null,"name":"","isVisible":false,"boundaryRectangle":null,"style":null,"prototypeNodeUUID":null,"child":null,"constraints":null,"pbdlType":"global_styles","designSystem":"material3","colors":[],"textStyles":[{"UUID":"20:56","layoutMainAxisSizing":null,"layoutCrossAxisSizing":null,"name":"headline1","isVisible":false,"boundaryRectangle":null,"style":null,"prototypeNodeUUID":null,"child":null,"constraints":null,"description":"","pbdlType":"global_text_style","textStyle":{"UUID":"","layoutMainAxisSizing":null,"layoutCrossAxisSizing":null,"name":"","isVisible":false,"boundaryRectangle":null,"style":null,"prototypeNodeUUID":"","child":null,"constraints":null,"fontFamily":"Quicksand","fontPostScriptName":null,"paragraphSpacing":0,"paragraphIndent":0,"listSpacing":0,"italics":null,"fontWeight":300,"fontSize":96.0,"textCase":"ORIGINAL","textDecoration":"NONE","textAutoResize":"WIDTH_AND_HEIGHT","textAlignHorizontal":"LEFT","textAlignVertical":"TOP","letterSpacing":-1.5,"fills":null,"hyperLink":null,"opentypeFlags":{},"lineHeightPx":112.0,"lineHeightPercent":93.33333587646484,"lineHeightPercentFontSize":116.66666412353516,"lineHeightUnit":"PIXELS","pbdlType":"text_style"}},{"UUID":"20:57","layoutMainAxisSizing":null,"layoutCrossAxisSizing":null,"name":"headline2","isVisible":false,"boundaryRectangle":null,"style":null,"prototypeNodeUUID":null,"child":null,"constraints":null,"description":"","pbdlType":"global_text_style","textStyle":{"UUID":"","layoutMainAxisSizing":null,"layoutCrossAxisSizing":null,"name":"","isVisible":false,"boundaryRectangle":null,"style":null,"prototypeNodeUUID":"","child":null,"constraints":null,"fontFamily":"Quicksand","fontPostScriptName":null,"paragraphSpacing":0,"paragraphIndent":0,"listSpacing":0,"italics":null,"fontWeight":300,"fontSize":60.0,"textCase":"ORIGINAL","textDecoration":"NONE","textAutoResize":"WIDTH_AND_HEIGHT","textAlignHorizontal":"LEFT","textAlignVertical":"TOP","letterSpacing":-0.5,"fills":null,"hyperLink":null,"opentypeFlags":{},"lineHeightPx":72.0,"lineHeightPercent":96.0,"lineHeightPercentFontSize":120.0,"lineHeightUnit":"PIXELS","pbdlType":"text_style"}},{"UUID":"20:58","layoutMainAxisSizing":null,"layoutCrossAxisSizing":null,"name":"headline3","isVisible":false,"boundaryRectangle":null,"style":null,"prototypeNodeUUID":null,"child":null,"constraints":null,"description":"","pbdlType":"global_text_style","textStyle":{"UUID":"","layoutMainAxisSizing":null,"layoutCrossAxisSizing":null,"name":"","isVisible":false,"boundaryRectangle":null,"style":null,"prototypeNodeUUID":"","child":null,"constraints":null,"fontFamily":"Quicksand","fontPostScriptName":null,"paragraphSpacing":0,"paragraphIndent":0,"listSpacing":0,"italics":null,"fontWeight":400,"fontSize":48.0,"textCase":"ORIGINAL","textDecoration":"NONE","textAutoResize":"WIDTH_AND_HEIGHT","textAlignHorizontal":"LEFT","textAlignVertical":"TOP","letterSpacing":0.0,"fills":null,"hyperLink":null,"opentypeFlags":{},"lineHeightPx":56.0,"lineHeightPercent":93.33333587646484,"lineHeightPercentFontSize":116.66666412353516,"lineHeightUnit":"PIXELS","pbdlType":"text_style"}},{"UUID":"20:59","layoutMainAxisSizing":null,"layoutCrossAxisSizing":null,"name":"headline4","isVisible":false,"boundaryRectangle":null,"style":null,"prototypeNodeUUID":null,"child":null,"constraints":null,"description":"","pbdlType":"global_text_style","textStyle":{"UUID":"","layoutMainAxisSizing":null,"layoutCrossAxisSizing":null,"name":"","isVisible":false,"boundaryRectangle":null,"style":null,"prototypeNodeUUID":"","child":null,"constraints":null,"fontFamily":"Quicksand","fontPostScriptName":null,"paragraphSpacing":0,"paragraphIndent":0,"listSpacing":0,"italics":null,"fontWeight":400,"fontSize":34.0,"textCase":"ORIGINAL","textDecoration":"NONE","textAutoResize":"WIDTH_AND_HEIGHT","textAlignHorizontal":"LEFT","textAlignVertical":"TOP","letterSpacing":0.0,"fills":null,"hyperLink":null,"opentypeFlags":{},"lineHeightPx":36.0,"lineHeightPercent":84.70588684082031,"lineHeightPercentFontSize":105.88235473632812,"lineHeightUnit":"PIXELS","pbdlType":"text_style"}},{"UUID":"20:60","layoutMainAxisSizing":null,"layoutCrossAxisSizing":null,"name":"headline5","isVisible":false,"boundaryRectangle":null,"style":null,"prototypeNodeUUID":null,"child":null,"constraints":null,"description":"","pbdlType":"global_text_style","textStyle":{"UUID":"","layoutMainAxisSizing":null,"layoutCrossAxisSizing":null,"name":"","isVisible":false,"boundaryRectangle":null,"style":null,"prototypeNodeUUID":"","child":null,"constraints":null,"fontFamily":"Quicksand","fontPostScriptName":null,"paragraphSpacing":0,"paragraphIndent":0,"listSpacing":0,"italics":null,"fontWeight":400,"fontSize":24.0,"textCase":"ORIGINAL","textDecoration":"NONE","textAutoResize":"WIDTH_AND_HEIGHT","textAlignHorizontal":"LEFT","textAlignVertical":"TOP","letterSpacing":0.18000000715255737,"fills":null,"hyperLink":null,"opentypeFlags":{},"lineHeightPx":24.0,"lineHeightPercent":80.0,"lineHeightPercentFontSize":100.0,"lineHeightUnit":"PIXELS","pbdlType":"text_style"}},{"UUID":"20:61","layoutMainAxisSizing":null,"layoutCrossAxisSizing":null,"name":"headline6","isVisible":false,"boundaryRectangle":null,"style":null,"prototypeNodeUUID":null,"child":null,"constraints":null,"description":"","pbdlType":"global_text_style","textStyle":{"UUID":"","layoutMainAxisSizing":null,"layoutCrossAxisSizing":null,"name":"","isVisible":false,"boundaryRectangle":null,"style":null,"prototypeNodeUUID":"","child":null,"constraints":null,"fontFamily":"Quicksand","fontPostScriptName":null,"paragraphSpacing":0,"paragraphIndent":0,"listSpacing":0,"italics":null,"fontWeight":500,"fontSize":20.0,"textCase":"ORIGINAL","textDecoration":"NONE","textAutoResize":"WIDTH_AND_HEIGHT","textAlignHorizontal":"LEFT","textAlignVertical":"TOP","letterSpacing":0.15000000596046448,"fills":null,"hyperLink":null,"opentypeFlags":{},"lineHeightPx":24.0,"lineHeightPercent":96.0,"lineHeightPercentFontSize":120.0,"lineHeightUnit":"PIXELS","pbdlType":"text_style"}}],"themeColors":[{"UUID":"6:15","layoutMainAxisSizing":null,"layoutCrossAxisSizing":null,"name":"light/onPrimary","isVisible":false,"boundaryRectangle":null,"style":null,"prototypeNodeUUID":null,"child":null,"constraints":null,"description":"","pbdlType":"global_color","color":{"a":1.0,"r":0.0,"g":0.27224570512771606,"b":0.35821786522865295},"colorScheme":"light"},{"UUID":"13:3","layoutMainAxisSizing":null,"layoutCrossAxisSizing":null,"name":"light/primary","isVisible":false,"boundaryRectangle":null,"style":null,"prototypeNodeUUID":null,"child":null,"constraints":null,"description":"","pbdlType":"global_color","color":{"a":1.0,"r":1.0,"g":0.46070611476898193,"b":0.9784282445907593},"colorScheme":"light"},{"UUID":"13:6","layoutMainAxisSizing":null,"layoutCrossAxisSizing":null,"name":"light/primaryContainer","isVisible":false,"boundaryRectangle":null,"style":null,"prototypeNodeUUID":null,"child":null,"constraints":null,"description":"","pbdlType":"global_color","color":{"a":1.0,"r":0.0,"g":0.43921568989753723,"b":0.5764706134796143},"colorScheme":"light"},{"UUID":"13:8","layoutMainAxisSizing":null,"layoutCrossAxisSizing":null,"name":"light/secondary","isVisible":false,"boundaryRectangle":null,"style":null,"prototypeNodeUUID":null,"child":null,"constraints":null,"description":"","pbdlType":"global_color","color":{"a":1.0,"r":0.32663536071777344,"g":0.35026609897613525,"b":0.917404055595398},"colorScheme":"light"},{"UUID":"13:13","layoutMainAxisSizing":null,"layoutCrossAxisSizing":null,"name":"light/onSecondary","isVisible":false,"boundaryRectangle":null,"style":null,"prototypeNodeUUID":null,"child":null,"constraints":null,"description":"","pbdlType":"global_color","color":{"a":1.0,"r":0.04636120796203613,"g":0.4226782023906708,"b":0.10657193511724472},"colorScheme":"light"},{"UUID":"13:21","layoutMainAxisSizing":null,"layoutCrossAxisSizing":null,"name":"light/onPrimaryContainer","isVisible":false,"boundaryRectangle":null,"style":null,"prototypeNodeUUID":null,"child":null,"constraints":null,"description":"","pbdlType":"global_color","color":{"a":1.0,"r":0.5279067158699036,"g":1.0,"b":0.5182721614837646},"colorScheme":"light"},{"UUID":"13:22","layoutMainAxisSizing":null,"layoutCrossAxisSizing":null,"name":"light/secondaryContainer","isVisible":false,"boundaryRectangle":null,"style":null,"prototypeNodeUUID":null,"child":null,"constraints":null,"description":"","pbdlType":"global_color","color":{"a":1.0,"r":0.09479427337646484,"g":0.7409408092498779,"b":0.702172040939331},"colorScheme":"light"},{"UUID":"13:27","layoutMainAxisSizing":null,"layoutCrossAxisSizing":null,"name":"light/onSecondaryContainer","isVisible":false,"boundaryRectangle":null,"style":null,"prototypeNodeUUID":null,"child":null,"constraints":null,"description":"","pbdlType":"global_color","color":{"a":1.0,"r":0.03923743963241577,"g":0.31316429376602173,"b":0.2967287302017212},"colorScheme":"light"},{"UUID":"16:245","layoutMainAxisSizing":null,"layoutCrossAxisSizing":null,"name":"dark/primary","isVisible":false,"boundaryRectangle":null,"style":null,"prototypeNodeUUID":null,"child":null,"constraints":null,"description":"","pbdlType":"global_color","color":{"a":1.0,"r":0.46070611476898193,"g":0.87056964635849,"b":1.0},"colorScheme":"dark"},{"UUID":"16:246","layoutMainAxisSizing":null,"layoutCrossAxisSizing":null,"name":"dark/onPrimary","isVisible":false,"boundaryRectangle":null,"style":null,"prototypeNodeUUID":null,"child":null,"constraints":null,"description":"","pbdlType":"global_color","color":{"a":1.0,"r":0.0,"g":0.27224570512771606,"b":0.35821786522865295},"colorScheme":"dark"},{"UUID":"16:247","layoutMainAxisSizing":null,"layoutCrossAxisSizing":null,"name":"dark/primaryContainer","isVisible":false,"boundaryRectangle":null,"style":null,"prototypeNodeUUID":null,"child":null,"constraints":null,"description":"","pbdlType":"global_color","color":{"a":1.0,"r":0.0,"g":0.43921568989753723,"b":0.5764706134796143},"colorScheme":"dark"},{"UUID":"16:248","layoutMainAxisSizing":null,"layoutCrossAxisSizing":null,"name":"dark/onPrimaryContainer","isVisible":false,"boundaryRectangle":null,"style":null,"prototypeNodeUUID":null,"child":null,"constraints":null,"description":"","pbdlType":"global_color","color":{"a":1.0,"r":0.5182721614837646,"g":0.8843854665756226,"b":1.0},"colorScheme":"dark"},{"UUID":"16:249","layoutMainAxisSizing":null,"layoutCrossAxisSizing":null,"name":"dark/secondary","isVisible":false,"boundaryRectangle":null,"style":null,"prototypeNodeUUID":null,"child":null,"constraints":null,"description":"","pbdlType":"global_color","color":{"a":1.0,"r":0.32663536071777344,"g":0.917404055595398,"b":0.4211583733558655},"colorScheme":"dark"},{"UUID":"16:250","layoutMainAxisSizing":null,"layoutCrossAxisSizing":null,"name":"dark/onSecondary","isVisible":false,"boundaryRectangle":null,"style":null,"prototypeNodeUUID":null,"child":null,"constraints":null,"description":"","pbdlType":"global_color","color":{"a":1.0,"r":0.04636120796203613,"g":0.4226782023906708,"b":0.10657193511724472},"colorScheme":"dark"},{"UUID":"16:251","layoutMainAxisSizing":null,"layoutCrossAxisSizing":null,"name":"dark/secondaryContainer","isVisible":false,"boundaryRectangle":null,"style":null,"prototypeNodeUUID":null,"child":null,"constraints":null,"description":"","pbdlType":"global_color","color":{"a":1.0,"r":0.09479427337646484,"g":0.7409408092498779,"b":0.702172040939331},"colorScheme":"dark"},{"UUID":"16:252","layoutMainAxisSizing":null,"layoutCrossAxisSizing":null,"name":"dark/onSecondaryContainer","isVisible":false,"boundaryRectangle":null,"style":null,"prototypeNodeUUID":null,"child":null,"constraints":null,"description":"","pbdlType":"global_color","color":{"a":1.0,"r":0.03923743963241577,"g":0.31316429376602173,"b":0.2967287302017212},"colorScheme":"dark"},{"UUID":"719:4","layoutMainAxisSizing":null,"layoutCrossAxisSizing":null,"name":"light/shadow","isVisible":false,"boundaryRectangle":null,"style":null,"prototypeNodeUUID":null,"child":null,"constraints":null,"description":"","pbdlType":"global_color","color":{"a":0.3799999952316284,"r":0.6333333253860474,"g":0.6333333253860474,"b":0.6333333253860474},"colorScheme":"light"},{"UUID":"719:5","layoutMainAxisSizing":null,"layoutCrossAxisSizing":null,"name":"dark/shadow","isVisible":false,"boundaryRectangle":null,"style":null,"prototypeNodeUUID":null,"child":null,"constraints":null,"description":"","pbdlType":"global_color","color":{"a":0.5799999833106995,"r":0.34166666865348816,"g":0.34166666865348816,"b":0.34166666865348816},"colorScheme":"dark"}],"themeTextStyles":[]},"pbdlType":"project"}